,company,name,models,gear,year,kms,owner,fuel,price
0,Maruti,Baleno,ZETA 1.2 K12,Manual,2016,34417,1,P,640799
1,Maruti,Baleno,ZETA 1.2 K12,Manual,2016,25849,1,P,640799
2,Hyundai,i20,SPORTZ 1.2 O,Manual,2010,32395,1,P,405299
3,Maruti,Swift Dzire,VXI 1.2 BS IV,Manual,2014,49515,1,P,451399
4,Volkswagen,Polo,COMFORTLINE 1.0 PETROL,Manual,2018,30201,1,P,619099
5,Maruti,Dzire,VXI,Manual,2018,27281,1,P,669799
6,Hyundai,Elite i20,ASTA 1.4 CRDI,Manual,2016,43221,2,D,699599
7,Hyundai,Creta,1.6 CRDI SX PLUS AUTO,Automatic,2017,38962,1,D,1265399
8,Audi,A3,35TDI,Automatic,2015,87843,1,D,1590199
9,Renault,TRIBER,1.0 RXT,Manual,2019,28621,2,P,641999
10,Maruti,Swift Dzire,VXI AMT,Automatic,2014,33716,2,P,557899
11,Maruti,Swift,VDI ABS,Manual,2015,81015,3,D,537699
12,Tata,Tiago,XZ 1.2 REVOTRON,Manual,2016,12541,1,P,508699
13,Maruti,Ritz,ZXI ABS,Manual,2015,54899,1,P,464499
14,Honda,Amaze,1.2 EXMT I VTEC,Manual,2014,58249,2,P,464199
15,Tata,Tiago,XZ 1.2 REVOTRON,Manual,2016,28589,2,P,501899
16,Maruti,Baleno,DELTA 1.2 K12,Manual,2017,24480,1,P,616699
17,Ford,Figo,1.2 TITANIUM DURATEC,Manual,2013,31710,1,P,409299
18,Maruti,IGNIS,DELTA 1.2 K12,Manual,2017,29132,1,P,540399
19,Hyundai,i20,SPORTZ 1.4 AT VTVT,Automatic,2013,50903,1,P,548399
20,Volkswagen,Polo,HIGHLINE1.2L PETROL,Manual,2015,73563,2,P,539499
21,KIA,SELTOS,GTX 1.4 GDI AT PETROL,Automatic,2019,15023,1,P,1665899
22,Ford,Figo Aspire,1.2 TITANIUM PETROL,Manual,2017,22645,1,P,607399
23,Hyundai,Grand i10,ASTA AT 1.2 KAPPA VTVT,Automatic,2014,114634,2,P,450599
24,Mahindra,XUV500,W8 FWD,Manual,2017,45362,1,D,1360099
25,Hyundai,Elite i20,1.4 CRDI ASTA (O),Manual,2017,100703,1,D,710799
26,Hyundai,VENUE,1.0L Turbo GDI SX MT,Manual,2019,5678,1,P,1040899
27,Maruti,IGNIS,ALPHA 1.2 K12 AMT,Automatic,2018,10344,1,P,721899
28,Maruti,Celerio,VXI AMT,Automatic,2015,40525,2,P,424099
29,Ford,Ecosport,1.5 TITANIUM TI VCT,Manual,2018,22212,1,P,859299
30,Hyundai,NEW SANTRO,SPORTZ 1.1,Manual,2018,48619,1,P,496099
31,Honda,City,V MT PETROL,Manual,2012,97288,3,P,498499
32,Maruti,Celerio,VXI AMT,Automatic,2015,46178,3,P,410199
33,Hyundai,NEW SANTRO,1.1 MAGNA MT,Manual,2019,10782,1,P,531099
34,Maruti,S PRESSO,VXI PLUS,Manual,2019,18395,1,P,468099
35,Ford,Ecosport,1.5 TITANIUM TI VCT AT,Automatic,2018,35691,2,P,958999
36,Maruti,Swift,VXI,Manual,2012,56941,2,P,454699
37,Tata,Tiago,XZ 1.2 REVOTRON,Manual,2018,6413,1,P,562999
38,Tata,Tiago,XZ 1.2 REVOTRON,Manual,2018,11086,1,P,562999
39,Maruti,Swift,ZDI AMT,Automatic,2018,50630,1,D,766599
40,Renault,Kwid,CLIMBER 1.0,AT,2017,18379,1,P,481999
41,Maruti,Swift,VXI,Manual,2014,51290,1,P,524799
42,Renault,Kwid,CLIMBER 1.0 AT,Automatic,2017,26686,1,P,471199
43,Hyundai,Eon,D LITE PLUS,Manual,2015,22112,1,P,304099
44,Renault,Kwid,RXL1.0 EASY-R AT,Manual,2017,26371,1,P,422999
45,Renault,Kwid,RXL1.0 EASY-R AT,Manual,2017,15883,1,P,440799
46,Tata,Tiago,XZ 1.2 REVOTRON,Manual,2018,30545,1,P,550299
47,Honda,Brio,1.2 V MT I VTEC,Manual,2013,29665,1,P,401099
48,Hyundai,Eon,MAGNA PLUS,Manual,2014,56213,2,P,323399
49,Honda,Brio,1.2 VX MT I VTEC,Manual,2013,50160,2,P,411999
50,Hyundai,Grand i10,SPORTS 1.2 VTVT,Manual,2015,59212,2,P,456299
51,Tata,Nano,TWIST XTA,Automatic,2015,20122,1,P,280499
52,Maruti,Alto K10,VXI,Manual,2016,73745,1,P,324999
53,Hyundai,Grand i10,SPORTS 1.2 VTVT,Manual,2016,47768,1,P,501599
54,Hyundai,i10,SPORTZ 1.1 IRDE2,Manual,2016,35640,2,P,433599
55,Maruti,Wagon R 1.0,VXI,Manual,2014,43883,3,P,390899
56,Hyundai,i10,MAGNA 1.1 IRDE2,Manual,2015,11765,1,P,387099
57,Hyundai,Grand i10,ASTA 1.2 (O) VTVT,Manual,2016,29361,1,P,544499
58,Maruti,Celerio,ZXI OPT,Manual,2017,14481,1,P,499199
59,Maruti,Celerio,VXI (O) AMT,Automatic,2018,8204,1,P,541299
60,Maruti,Ritz,VXI BS IV,Manual,2011,32981,1,P,406399
61,Tata,Nano,XT TWIST,Manual,2015,39703,1,P,187999
62,Hyundai,i10,ERA 1.1 IRDE,Manual,2012,41155,1,P,390199
63,Maruti,Alto K10,VXI,Manual,2012,49493,1,P,311199
64,Maruti,Eeco,5 STR WITH AC PLUSHTR,Manual,2018,48272,1,P,427599
65,Tata,Nano,XT TWIST,Manual,2016,19837,1,P,215099
66,Maruti,Alto 800,VXI,Manual,2017,6290,2,P,315999
67,Maruti,Wagon R 1.0,VXI,Manual,2015,36544,1,P,428499
68,Maruti,Eeco,5 STR WITH AC PLUSHTR,Manual,2018,31773,1,P,429499
69,Maruti,Eeco,5 STR WITH AC PLUSHTR,Manual,2018,14651,1,P,439799
70,Maruti,Alto K10,VXI AMT,Automatic,2017,24058,2,P,391499
71,Maruti,Alto K10,VXI (O) AMT,Automatic,2016,28783,2,P,381199
72,Maruti,Celerio,VXI,Manual,2014,167450,1,P,366199
73,Maruti,Celerio X,VXI OPT,Manual,2019,39396,1,P,479799
74,Mahindra,Scorpio,S2,Manual,2016,131500,1,D,795899
75,Maruti,Ertiga,VDI ABS,Manual,2015,56700,1,D,801099
76,Hyundai,Elite i20,ASTA 1.2 (O),Manual,2015,53207,1,P,641999
77,Ford,Ecosport,1.0 ECOBOOST TITANIUM OPT,Manual,2015,27264,2,P,618899
78,Skoda,Rapid,ACTIVE 1.0 TSI AT,Automatic,2020,11379,1,P,1115399
79,Toyota,YARIS,V MT,Manual,2018,36132,1,P,869799
80,Maruti,Eeco,5 STR WITH AC PLUSHTR,Manual,2019,12154,1,P,481199
81,Datsun,Redi Go,1.0 S,AT,2018,21745,1,P,406799
82,Renault,Kwid,CLIMBER 1.0,AT,2017,13993,1,P,481999
83,Honda,Brio,1.2 S MT I VTEC,Manual,2012,46222,2,P,345699
84,Renault,Kwid,RXL1.0 EASY-R AT,Manual,2017,18163,1,P,422999
85,Honda,Brio,1.2 S MT I VTEC,Manual,2016,26015,1,P,455299
86,Hyundai,NEW SANTRO,1.1 SPORTS AMT,Automatic,2018,12850,1,P,588399
87,Maruti,Vitara Brezza,ZDI PLUS,Manual,2018,26671,1,D,950299
88,Maruti,Ritz,LXI,Manual,2010,59705,2,P,314399
89,Maruti,Swift,VXI,Manual,2014,59853,1,P,493499
90,Ford,New Figo,1.2 TITANIUM,Manual,2016,15848,1,P,489999
91,Maruti,Baleno,ALPHA 1.2 K12,Manual,2016,51706,1,P,666199
92,Maruti,Baleno,ZETA 1.2 K12,Manual,2016,17406,1,P,640799
93,Datsun,Redi Go,LIMITED EDITION,Manual,2017,9402,1,P,333699
94,Maruti,Swift,LXI OPT,Manual,2016,35352,1,P,482399
95,Hyundai,Elite i20,ASTA 1.2,Manual,2015,102624,1,P,592799
96,Hyundai,Elite i20,ASTA 1.2,Manual,2015,29979,1,P,612599
97,Volkswagen,Ameo,HIGHLINE 1.5L AT (D),Automatic,2016,70051,2,D,657299
98,Hyundai,Tucson New,4WD AT GLS DIESEL,Automatic,2017,58222,2,D,2096099
99,Maruti,Zen Estilo,VXI,Manual,2008,60927,1,P,255299
100,Maruti,Ciaz,DELTA 1.5 SHVS VVT MT,Manual,2020,21249,1,P,900599
101,Maruti,Baleno,ZETA 1.2 K12,Manual,2017,46375,1,P,674999
102,Toyota,YARIS,V MT,Manual,2018,16240,1,P,923899
103,Honda,City,V MT PETROL,Manual,2017,47252,1,P,875399
104,Maruti,Ciaz,DELTA 1.5 SHVS VVT AT,Automatic,2018,15032,1,P,965999
105,Hyundai,i10,MAGNA 1.2 AT,Automatic,2009,58491,2,P,253999
106,Volkswagen,Polo,GT TSI 1.2 PETROL AT,Automatic,2013,45757,1,P,599799
107,Hyundai,Elite i20,ASTA 1.2 DUAL TONE,Manual,2017,26347,1,P,682499
108,Ford,Figo Aspire,1.2 TITANIUM PETROL,Manual,2017,14252,1,P,615899
109,Honda,Amaze,1.2 VXMT I VTEC,Manual,2019,16418,1,P,789899
110,Ford,Ecosport,1.5TITANIUM TDCI,Manual,2013,78438,2,D,632999
111,Hyundai,Eon,1.0 MAGNA PLUS,Manual,2014,32359,3,P,286999
112,Honda,City,S MT PETROL,Manual,2013,90128,1,P,527399
113,Maruti,Alto 800,LXI,Manual,2015,46146,2,P,264899
114,Hyundai,i20,SPORTZ 1.4 AT VTVT,Automatic,2013,76298,2,P,506099
115,Hyundai,VENUE,S MT 1.2 KAPPA,Manual,2020,2138,1,P,915099
116,Hyundai,VENUE,S MT 1.2 KAPPA,Manual,2020,7415,1,P,866399
117,Maruti,IGNIS,ZETA 1.2 K12,Manual,2018,73599,1,P,547499
118,Honda,Jazz,1.2 V MT,Manual,2015,29909,2,P,562999
119,Hyundai,VENUE,1.0 TURBO GDI SX+ AT,Automatic,2020,37374,1,P,1162099
120,Hyundai,i20,ASTA 1.2,Manual,2011,83603,2,P,409499
121,Hyundai,NEW SANTRO,SPORTZ 1.1,Manual,2019,16387,1,P,535099
122,Hyundai,Santro Xing,GL PLUS,Manual,2011,47436,1,P,243399
123,Hyundai,i10,SPORTZ 1.2,Manual,2009,65456,3,P,291699
124,Maruti,Swift,VXI,Manual,2014,21229,1,P,493499
125,Hyundai,Grand i10,SPORTS 1.2 VTVT,Manual,2015,41050,1,P,474799
126,Hyundai,Grand i10,MAGNA 1.2 VTVT,Manual,2016,61166,1,P,464099
127,Maruti,Swift,VXI,Manual,2014,61475,1,P,486999
128,Hyundai,i20,SPORTZ 1.2 VTVT,Manual,2012,49270,2,P,417699
129,Maruti,Swift,VXI,Manual,2014,28791,1,P,493499
130,Hyundai,Grand i10,MAGNA 1.2 KAPPA VTVT,Manual,2017,17939,1,P,498299
131,Hyundai,Grand i10,1.2 Sportz at,Automatic,2019,34444,1,P,650999
132,Hyundai,Eon,MAGNA PLUS,Manual,2015,30228,1,P,342699
133,Hyundai,i10,MAGNA 1.2 KAPPA2,Manual,2013,37615,2,P,329299
134,Hyundai,i10,SPORTZ 1.2 KAPPA2,Manual,2011,53655,1,P,306999
135,Hyundai,Grand i10,ASTA 1.2 (O) VTVT,Manual,2016,30243,2,P,544499
136,Maruti,Wagon R 1.0,VXI,Manual,2014,57378,1,P,400699
137,Hyundai,Grand i10,SPORTS 1.2 VTVT,Manual,2016,120,1,P,501599
138,Hyundai,Grand i10,ASTA 1.2 (O) VTVT,Manual,2016,23568,1,P,544499
139,Hyundai,Grand i10,SPORTZ 1.2 KAPPA VTVT,Manual,2015,50999,1,P,476499
140,Maruti,Wagon R 1.0,VXI,Manual,2012,60617,1,P,350399
141,Maruti,Ritz,VXI BS IV,Manual,2014,108280,1,P,409699
142,Hyundai,i10,SPORTZ 1.2 AT KAPPA2,Automatic,2013,59401,1,P,397299
143,Hyundai,i10,SPORTZ 1.2 AT KAPPA2,Automatic,2013,40783,1,P,397299
144,Maruti,Ritz,VXI BS IV,Manual,2014,54073,2,P,409699
145,Maruti,Celerio,VXI,Manual,2016,3171,1,P,484199
146,Maruti,Ritz,VXI BS IV,Manual,2012,60051,2,P,360799
147,Maruti,Eeco,5 STR WITH AC PLUSHTR,Manual,2019,24484,1,P,450199
148,Maruti,Eeco,5 STR WITH AC PLUSHTR,Manual,2019,24158,1,P,450199
149,Maruti,Celerio,VXI AMT,Automatic,2016,26344,2,P,447999
150,Maruti,Wagon R 1.0,VXI,Manual,2015,21512,1,P,448799
151,Maruti,Alto K10,VXI (O) AMT,Automatic,2018,5280,1,P,485799
152,Maruti,Alto K10,VXI,Manual,2015,26421,2,P,335199
153,Maruti,Alto K10,VXI,Manual,2014,34245,2,P,347499
154,Hyundai,Elite i20,ASTA 1.2 (O),Manual,2018,7356,1,P,771399
155,Renault,Kwid,RXT Opt,Manual,2016,10440,2,P,348699
156,Tata,Tiago,XZA 1.2 REVOTRON,Automatic,2017,28302,1,P,549999
157,Ford,FREESTYLE,TITANIUM 1.2 TI-VCT,MT,2018,31061,1,P,668599
158,Maruti,Swift,VXI,Manual,2018,56779,2,P,593499
159,Maruti,Swift,ZXI AMT,Automatic,2018,26140,1,P,687399
160,Mahindra,XUV 3OO,W8(O),Manual,2020,15857,1,D,1268099
161,Maruti,Swift,VDI ABS,Manual,2015,42729,2,D,586399
162,Maruti,Alto K10,VXI (O) AMT,Automatic,2016,17015,1,P,427499
163,Ford,Ecosport,1.5 TDCI TITANIUM PLUS,Manual,2018,29824,1,D,973599
164,Hyundai,i10,SPORTZ 1.1 IRDE2,Manual,2015,47564,1,P,411399
165,Maruti,Wagon R 1.0,VXI,Manual,2013,44510,1,P,412899
166,Maruti,Wagon R 1.0,VXI,Manual,2012,35022,1,P,368799
167,Maruti,Swift,VXI,Manual,2012,51412,1,P,434599
168,Hyundai,i20 Active,1.2 S,Manual,2015,103439,2,P,588799
169,Hyundai,Grand i10,SPORTZ 1.2 KAPPA VTVT,Manual,2017,21197,2,P,537699
170,Volkswagen,Polo,COMFORTLINE 1.2L PETROL,Manual,2011,38597,2,P,402199
171,Maruti,Baleno,DELTA 1.2 K12,Manual,2016,10520,1,P,643999
172,Toyota,Innova,2.5 ZX 7 STR BS IV,Manual,2014,61021,2,D,1381199
173,Maruti,Alto K10,VXI,Manual,2012,46264,1,P,313299
174,Hyundai,Creta,1.6 SX,CRDI,2016,113574,1,D,901699
175,Ford,Figo,1.2 TITANIUM DURATEC,Manual,2012,26224,1,P,367599
176,Ford,FREESTYLE,TITANIUM 1.5 TDCI,Manual,2018,33895,2,D,634499
177,Renault,Kwid,RXT Opt,Manual,2016,49658,1,P,348699
178,Toyota,YARIS,V CVT,Automatic,2018,58923,1,P,927899
179,Tata,NEXON,XZ 1.2,Manual,2020,7791,2,P,991699
180,Maruti,Eeco,5 STR WITH AC PLUSHTR,Manual,2019,8409,1,P,450199
181,Maruti,Alto K10,VXI AMT,Automatic,2016,22469,1,P,406499
182,Hyundai,Tucson New,2WD AT GLS DIESEL,Automatic,2018,73609,2,D,1772499
183,Ford,Figo Aspire,1.5 TREND DIESEL,Manual,2015,63705,1,D,488099
184,Maruti,Ritz,VXI ABS,Manual,2010,142988,1,P,314499
185,Toyota,YARIS,VX CVT,Automatic,2018,23165,1,P,1013899
186,Ford,Ecosport,1.5TITANIUM TDCI,Manual,2017,55093,1,D,748799
187,Maruti,IGNIS,ALPHA 1.2 K12 DUAL TONE,Manual,2017,102631,1,P,593399
188,Maruti,IGNIS,ZETA 1.2 K12 AMT,Automatic,2017,35928,1,P,568799
189,Honda,Jazz,1.2 V MT,Manual,2016,54525,1,P,661499
190,Honda,City,S MT PETROL,Manual,2013,37520,2,P,559499
191,Hyundai,Santro Xing,GLS LPG,Manual,2010,74255,3,P,239899
192,Ford,Ecosport,1.5 TITANIUM SIGNATURE TI VCT (SUNROOF),Manual,2018,13002,1,P,1085799
193,Renault,Duster,RXZ DIESEL 110,Manual,2015,41639,2,D,760199
194,Renault,Duster,RXZ DIESEL 110,Manual,2018,89441,1,D,912999
195,Hyundai,Grand i10,SPORTZ 1.2 KAPPA VTVT,Manual,2014,28501,2,P,449699
196,Volkswagen,Vento,HIGHLINE PLUS 1.0 TSI AT,Automatic,2020,8464,1,P,1482999
197,Hyundai,i20,SPORTZ 1.2 VTVT,Manual,2014,89057,2,P,474399
198,Hyundai,Grand i10,SPORTS 1.2 VTVT,Manual,2014,31454,4,P,427299
199,Maruti,Swift,VXI,Manual,2017,52625,2,P,581899
200,Maruti,S PRESSO,VXI PLUS,Manual,2020,4983,1,P,489699
201,Ford,Ecosport,1.0 ECOBOOST TITANIUM,Manual,2015,148890,1,P,612099
202,Hyundai,Santro Xing,GLS,Manual,2014,46178,1,P,313899
203,Honda,Brio,1.2 S MT I VTEC,Manual,2015,42415,2,P,450299
204,Hyundai,Grand i10,ASTA 1.1 (O) CRDI,Manual,2015,77105,1,D,523499
205,Hyundai,Eon,SPORTZ,Manual,2014,36141,2,P,347099
206,Renault,Kwid,RXT 1.0 EASY-R  AT,Automatic,2018,4262,1,P,481399
207,Maruti,Wagon R 1.0,VXI OPT,Manual,2016,96083,1,P,404199
208,Maruti,Ritz,ZDI,Manual,2014,66585,2,D,509799
209,Maruti,Celerio,ZXI,Manual,2017,34177,1,P,452099
210,Maruti,Alto 800,LXI,Manual,2017,33777,1,P,298299
211,Maruti,Wagon R 1.0,VXI,Manual,2012,53525,1,P,368499
212,Maruti,Alto 800,VXI,Manual,2017,38554,1,P,315999
213,Maruti,Alto 800,VXI,Manual,2017,37801,3,P,315999
214,Maruti,Celerio,VXI AMT,Automatic,2016,42560,1,P,447999
215,Tata,Nano,XT TWIST,Manual,2014,31769,1,P,181499
216,Maruti,Eeco,5 STR WITH AC PLUSHTR,Manual,2019,27150,1,P,450199
217,Maruti,Eeco,5 STR WITH AC PLUSHTR,Manual,2019,8623,1,P,450199
218,Maruti,Wagon R 1.0,VXI,Manual,2016,27858,1,P,455199
219,Maruti,Alto K10,VXI,Manual,2018,24316,1,P,398299
220,Tata,Nano,TWIST XTA,Automatic,2016,19648,2,P,269599
221,Maruti,Alto K10,VXI OPT,Manual,2018,48435,1,P,410999
222,Maruti,Wagon R 1.0,VXI,Manual,2015,33398,1,P,435499
223,Maruti,Wagon R 1.0,VXI,Manual,2015,29297,2,P,412399
224,Maruti,Alto K10,VXI (O) AMT,Automatic,2016,29240,1,P,423099
225,Maruti,Baleno,DELTA 1.2 K12,Manual,2016,38533,1,P,585499
226,Renault,Kwid,RXT 1.0 EASY-R  AT,Automatic,2016,16861,2,P,394799
227,Maruti,Celerio,VXI (O),Manual,2019,28497,1,P,487599
228,Ford,Ecosport,1.5 TITANIUM TI VCT,Manual,2015,65377,1,P,640999
229,Honda,Amaze,1.2 SMT I VTEC,Manual,2018,15895,1,P,632299
230,Ford,Figo,1.4 TITANIUM DURATORQ,Manual,2015,67701,1,D,430899
231,Honda,Jazz,1.2 V MT,Manual,2016,58608,1,P,654999
232,Maruti,Alto K10,VXI AMT,Automatic,2015,10825,2,P,378899
233,Hyundai,i20,MAGNA O 1.2,Manual,2014,40301,2,P,424999
234,Ford,New Figo,1.5 TITANIUM,Manual,2018,19589,1,D,614999
235,Hyundai,Eon,ERA PLUS,Manual,2016,36874,1,P,340699
236,Hyundai,Grand i10,ASTA 1.2 AT VTVT,Automatic,2016,30960,1,P,566699
237,Tata,Nano,XT TWIST,Manual,2015,43402,1,P,185999
238,Maruti,Swift Dzire,VDI OPT,Manual,2016,47194,1,D,643499
239,Maruti,Swift Dzire,VXI 1.2 BS IV,Manual,2011,112698,1,P,359899
240,Maruti,Wagon R,LXI,Manual,2009,35356,1,P,257899
241,Hyundai,Santro Xing,GLS,Manual,2008,44465,1,P,237299
242,Maruti,OMNI E,8 STR,Manual,2017,20442,1,P,368999
243,Maruti,Swift Dzire,VDI BS IV,Manual,2012,130617,1,D,469699
244,Maruti,Ritz,LXI,Manual,2011,39904,1,P,338999
245,Nissan,Terrano,XL PLUS 85 PS DEISEL,Manual,2013,141578,2,D,588199
246,Maruti,Baleno,DELTA 1.2 K12,Manual,2016,32950,1,P,585499
247,Maruti,Baleno,DELTA 1.2 K12,Manual,2016,33724,1,P,585499
248,Maruti,Baleno,DELTA 1.2 K12,Manual,2016,56926,1,P,585499
249,Maruti,Baleno,DELTA 1.2 K12,Manual,2016,50083,1,P,585499
250,Maruti,Baleno,DELTA 1.2 K12,Manual,2016,24084,1,P,585499
251,Renault,Kwid,RXT Opt,Manual,2016,18756,1,P,348699
252,Maruti,Baleno,ZETA 1.2 K12,Manual,2016,58863,2,P,640799
253,Tata,Zest,XMS RT,Manual,2014,41822,2,P,463599
254,Maruti,Ertiga,VDI ABS,Manual,2014,77324,1,D,707999
255,Renault,Kwid,1.0 RXT,Manual,2016,43543,2,P,338099
256,Maruti,Swift,VXI,Manual,2014,39288,1,P,493499
257,Maruti,Baleno,ZETA 1.2 K12,Manual,2016,65255,1,P,647499
258,Volkswagen,Polo,COMFORTLINE 1.2L PETROL,Manual,2016,35519,1,P,584599
259,Renault,Kwid,1.0 RXT Opt AT,Automatic,2016,30360,1,P,416399
260,Ford,FREESTYLE,TITANIUM 1.2 TI-VCT MT,Manual,2018,31399,1,P,654399
261,Maruti,Celerio,VXI,Manual,2016,35109,1,P,446599
262,Hyundai,Elite i20,ASTA 1.4 CRDI,Manual,2015,93289,2,D,640799
263,Hyundai,Elite i20,MAGNA 1.2,Manual,2015,62276,1,P,523799
264,Maruti,Baleno,SIGMA 1.2 K12,Manual,2018,25392,1,P,582699
265,Volkswagen,Polo,COMFORTLINE 1.2L PETROL,Manual,2017,13115,1,P,627099
266,Maruti,Ciaz,ZXI,Manual,2016,42441,1,P,746199
267,Ford,FREESTYLE,TITANIUM 1.2 TI-VCT,MT,2018,15307,1,P,700299
268,Renault,Kwid,1.0 RXT Opt AT,Automatic,2016,44385,1,P,403499
269,Maruti,S Cross,ZETA 1.3,Manual,2016,63114,1,D,814199
270,Hyundai,i20,SPORTZ 1.2 O,Manual,2010,53548,3,P,320399
271,Maruti,S Cross,ZETA 1.3,Manual,2016,146782,2,D,685999
272,Maruti,Swift,ZXI,Manual,2019,52885,1,P,659799
273,Tata,Harrier,XZA + DUAL TONE,Automatic,2020,22667,1,D,2338199
274,Maruti,Ritz,VXI ABS,Manual,2010,88811,2,P,314499
275,Toyota,Innova Crysta,2.7 ZX AT 7 STR,Automatic,2018,49614,1,P,2076699
276,Tata,Tiago,XZ 1.2 REVOTRON,Manual,2017,14733,1,P,535899
277,Tata,Tiago,XZ 1.2 REVOTRON,Manual,2017,20761,1,P,535899
278,Maruti,Ertiga,ZDI,Manual,2014,136879,1,D,646099
279,Skoda,Rapid,AMBITION 1.6 MPI MT PLUS,Manual,2014,90930,2,P,499899
280,Ford,Figo,1.4 TITANIUM DURATORQ,Manual,2014,33538,1,D,449999
281,Ford,FREESTYLE,TITANIUM 1.5 TDCI,Manual,2019,19402,1,D,706199
282,Tata,Tiago,XZ 1.2 REVOTRON,Manual,2016,41183,1,P,508699
283,Maruti,Baleno,ZETA 1.2 K12,Manual,2017,5190,1,P,674999
284,Maruti,Baleno,ALPHA 1.2 K12,Manual,2017,26109,2,P,697899
285,Hyundai,Creta,1.6 SX PLUS AUTO PETROL,Automatic,2018,23436,2,P,1222599
286,Maruti,Baleno,DELTA 1.2 K12 AMT,Automatic,2017,28997,1,P,616699
287,Hyundai,Elite i20,1.2 SPORTS PLUS VTVT,Manual,2019,4765,1,P,747199
288,Maruti,Eeco,5 STR WITH AC PLUSHTR,Manual,2019,11944,1,P,450199
289,Honda,Amaze,1.2 VXMT I VTEC,Manual,2018,14581,1,P,723499
290,Mahindra,XUV 3OO,W8 (O) DIESEL  AT,Automatic,2020,24671,1,D,1431799
291,Hyundai,Eon,ERA PLUS,Manual,2012,88589,1,P,267999
292,Honda,Amaze,1.2 EXMT I VTEC,Manual,2014,44013,2,P,474399
293,Ford,Figo Aspire,1.2 TITANIUM+ PETROL,Manual,2015,22831,2,P,529199
294,Maruti,Dzire,VXI,Manual,2018,48867,1,P,674099
295,Hyundai,Elite i20,1.2 SPORTS PLUS VTVT,Manual,2020,7351,1,P,781499
296,Volkswagen,Polo,COMFORTLINE 1.2L PETROL,Manual,2016,39420,2,P,553399
297,Ford,Ecosport,1.5 TITANIUM TI VCT,Manual,2019,17389,1,P,900699
298,Ford,Ecosport,1.5AMBIENTE TI VCT,Manual,2013,39771,2,P,538299
299,Hyundai,Elite i20,ASTA 1.2,Manual,2018,24900,1,P,716099
300,Hyundai,Elite i20,1.2 MAGNA PLUS VTVT,Manual,2019,15174,3,P,680199
301,Ford,Figo,1.2 TITANIUM DURATEC,Manual,2013,40970,1,P,409299
302,Maruti,IGNIS,ZETA 1.2 K12 AMT,Automatic,2017,22957,1,P,608999
303,Maruti,Baleno,DELTA 1.2 K12,Manual,2017,99852,1,P,616699
304,Hyundai,i20,MAGNA O 1.2,Manual,2013,16937,1,P,399599
305,Renault,Duster,RXL PETROL 104,Manual,2016,27083,2,P,737399
306,Skoda,Superb,1.8 TSI LK AT,Automatic,2016,97574,2,P,1424299
307,MG,HECTOR,SHARP 2.0 DIESEL,Manual,2019,10828,1,D,1843499
308,Ford,New Figo,1.2 TITANIUM,Manual,2017,30657,1,P,516099
309,Hyundai,i20,MAGNA O 1.2,Manual,2013,15679,1,P,399599
310,Hyundai,i20,MAGNA O 1.2,Manual,2013,21448,1,P,466199
311,Mahindra,XUV500,W6 4X2,Manual,2017,35030,1,D,1268899
312,MG,HECTOR,SHARP 2.0 DIESEL,Manual,2019,12138,1,D,1858199
313,Ford,New Figo,1.2 TITANIUM,Manual,2017,32833,1,P,516099
314,Maruti,Baleno,DELTA 1.2 K12,Manual,2019,54144,1,P,666899
315,KIA,SELTOS,HTX 1.5 PETROL MT,Manual,2019,20181,2,P,1406399
316,Maruti,Alto,LXI,Manual,2008,45812,2,P,195699
317,Hyundai,Grand i10,ASTA 1.2 KAPPA VTVT,Manual,2014,27976,1,P,521399
318,Ford,New Figo,1.2 TITANIUM,Manual,2017,41684,2,P,516099
319,Hyundai,i10,MAGNA 1.2 KAPPA2,Manual,2010,63046,1,P,266599
320,Hyundai,Grand i10,ASTA 1.2 AT VTVT,Automatic,2014,41080,1,P,506299
321,Hyundai,Grand i10,SPORTZ 1.2 KAPPA VTVT,Manual,2014,44787,1,P,449699
322,Hyundai,Grand i10,SPORTZ 1.2 KAPPA VTVT,Manual,2014,37993,1,P,449699
323,Hyundai,Grand i10,SPORTZ 1.2 KAPPA VTVT,Manual,2014,26870,1,P,449699
324,Hyundai,i20,MAGNA O 1.2,Manual,2013,45508,1,P,399599
325,Honda,Jazz,1.2 V MT,Manual,2015,61003,3,P,500999
326,Ford,Ecosport,1.5 TREND+ TDCI,Manual,2016,31870,1,D,753299
327,Maruti,Celerio X,Vxi,Manual,2019,38258,2,P,475299
328,Maruti,Vitara Brezza,ZXI,+,2020,21515,1,P,1062399
329,Maruti,Celerio,VXI,Manual,2017,163696,1,P,383299
330,Ford,Ecosport,1.5 TITANIUM TI VCT AT,Automatic,2017,23213,1,P,845099
331,Maruti,Celerio,VXI AMT,Automatic,2015,34687,2,P,424099
332,Ford,Ecosport,1.5TITANIUM TDCI,Manual,2019,19675,2,D,926399
333,Maruti,Alto 800,LXI,Manual,2013,22391,2,P,234999
334,Ford,Ecosport,1.5TITANIUM TDCI,Manual,2016,88161,1,D,739199
335,Hyundai,i20,MAGNA O 1.2,Manual,2011,13969,1,P,348899
336,Ford,Ecosport,1.5 TITANIUM TI VCT AT,Automatic,2018,26372,1,P,986699
337,Maruti,Alto 800,LXI,Manual,2013,22668,1,P,234999
338,Hyundai,NEW SANTRO,1.1 SPORTS AMT,Automatic,2018,26071,2,P,532099
339,Hyundai,Santro Xing,GL PLUS,Manual,2011,102743,1,P,243399
340,Hyundai,Eon,MAGNA PLUS,Manual,2014,50609,1,P,323399
341,Datsun,Redi Go,1.0 T(O),AT,2018,2513,2,P,375199
342,Maruti,Swift Dzire,ZDI AMT,Automatic,2016,55110,1,D,672299
343,Maruti,Swift,VXI,Manual,2011,70715,1,P,373099
344,Maruti,Swift,ZDI AMT,Automatic,2018,60214,1,D,773199
345,Maruti,Alto,VXI,Manual,2019,17352,1,P,395899
346,Ford,Ecosport,1.5 TITANIUM PLUS TI VCT AT,Automatic,2020,13853,1,P,1157699
347,Hyundai,Grand i10,ASTA 1.2 (O) VTVT,Manual,2015,57741,1,P,495999
348,Hyundai,Eon,D LITE PLUS,Manual,2015,28640,2,P,304099
349,Maruti,Alto,LXI,Manual,2011,46871,2,P,189499
350,Maruti,IGNIS,SIGMA 1.2 K12,Manual,2020,4656,1,P,525399
351,Maruti,Swift Dzire,VXI 1.2 BS IV,Manual,2013,34022,1,P,424499
352,Honda,Jazz,1.2 VX AT,Manual,2018,15771,1,P,802399
353,Maruti,Alto,LXI,Manual,2012,39853,2,P,203299
354,Maruti,Swift,VXI,Manual,2014,65138,1,P,493499
355,Tata,Tiago,XZ 1.2 REVOTRON,Manual,2018,18623,1,P,562999
356,Tata,Tiago,XZ 1.2 REVOTRON,Manual,2018,19255,1,P,562999
357,Tata,Tiago,XZ 1.2 REVOTRON,Manual,2018,26150,1,P,562999
358,Renault,Kwid,CLIMBER 1.0 AT,Automatic,2017,27188,1,P,451999
359,Honda,Jazz,1.2 V AT,Automatic,2017,17578,1,P,790999
360,Maruti,Swift,VXI,Manual,2012,37366,1,P,434599
361,Hyundai,i20,SPORTZ 1.2 VTVT,Manual,2012,65828,1,P,417699
362,Honda,Brio,1.2 V MT I VTEC,Manual,2013,60437,2,P,387899
363,Honda,Jazz,1.2 V AT,Automatic,2017,34701,1,P,762999
364,Hyundai,i20,SPORTZ 1.2 VTVT,Manual,2012,46871,1,P,417699
365,Hyundai,NEW SANTRO,1.1 SPORTS AMT,Automatic,2020,4482,1,P,645999
366,Hyundai,Grand i10,SPORTZ (O) 1.2 AT VTVT,Automatic,2017,27317,2,P,633699
367,Maruti,Eeco,5 STR,Manual,2016,22828,1,P,352099
368,Renault,Kwid,RXT 1.0 EASY-R AT OPTION,Automatic,2019,26564,2,P,499299
369,Hyundai,i20,MAGNA O 1.4 CRDI,Manual,2013,109269,1,D,424499
370,Maruti,Alto 800,LXI,Manual,2017,43850,1,P,298299
371,Renault,Kwid,RXT 1.0 EASY-R AT OPTION,Automatic,2019,5796,1,P,504599
372,Hyundai,i20,MAGNA 1.2 VTVT,Manual,2013,39431,3,P,399599
373,Tata,Nano,TWIST XTA,Automatic,2015,22182,1,P,270899
374,Hyundai,Grand i10,SPORTZ 1.2 KAPPA VTVT,Manual,2017,34489,2,P,537699
375,Maruti,Wagon R 1.0,VXI,Manual,2016,74510,2,P,392799
376,Maruti,Alto 800,VXI,Manual,2014,16835,1,P,260899
377,Renault,Kwid,RXT 1.0 EASY-R  AT,Automatic,2018,12318,1,P,481399
378,Renault,Kwid,RXL1.0 EASY-R AT,Manual,2018,9848,1,P,444499
379,Tata,Nano,TWIST XTA,Automatic,2015,32444,1,P,260999
380,Renault,Kwid,RXT 1.0 EASY-R AT OPTION,Automatic,2019,11998,1,P,504599
381,Hyundai,Grand i10,SPORTZ 1.2 KAPPA VTVT,Manual,2017,31980,1,P,537699
382,Hyundai,Grand i10,Magna 1.2 AT  VTVT,Automatic,2017,34073,1,P,546899
383,Hyundai,i10,SPORTZ 1.2 KAPPA2,Manual,2012,82823,1,P,329299
384,Hyundai,Eon,MAGNA PLUS,Manual,2015,25658,1,P,342699
385,Hyundai,Grand i10,ASTA 1.2 (O) VTVT,Manual,2016,15831,1,P,544499
386,Maruti,Ritz,VXI BS IV,Manual,2011,76246,2,P,336299
387,Hyundai,Grand i10,SPORTS 1.2 VTVT,Manual,2016,35203,2,P,501599
388,Hyundai,Grand i10,MAGNA AT 1.2 KAPPA,VTVT,2018,21356,3,P,544299
389,Maruti,Alto 800,LXI,Manual,2016,39661,1,P,279799
390,Hyundai,Grand i10,SPORTS 1.2 VTVT,Manual,2015,46111,1,P,474799
391,Maruti,Ritz,VXI BS IV,Manual,2011,61151,2,P,336299
392,Maruti,Celerio,ZXI OPT AMT,Automatic,2017,45260,1,P,517899
393,Hyundai,Grand i10,ASTA 1.2 (O) VTVT,Manual,2016,20657,1,P,544499
394,Hyundai,Grand i10,ASTA 1.2 KAPPA VTVT OPT,Manual,2016,33876,1,P,571899
395,Toyota,Etios Liva,V,Manual,2013,48838,1,P,435599
396,Hyundai,Grand i10,MAGNA 1.2 KAPPA VTVT,Manual,2016,18671,2,P,462299
397,Hyundai,Grand i10,ASTA 1.2 (O) VTVT,Manual,2016,17852,1,P,544499
398,Hyundai,i10,SPORTZ 1.1 IRDE2,Manual,2014,49305,2,P,388199
399,Maruti,Celerio,ZXI OPT,Manual,2019,21303,2,P,565499
400,Maruti,Wagon R 1.0,VXI,Manual,2018,13265,1,P,532799
401,Hyundai,Grand i10,SPORTZ 1.2 KAPPA VTVT,Manual,2016,12253,2,P,503399
402,Maruti,Eeco,5 STR WITH AC PLUSHTR,Manual,2019,5711,1,P,450199
403,Maruti,Celerio,VXI,Manual,2017,29222,2,P,492499
404,Maruti,Celerio,ZXI OPT,Manual,2019,5805,1,P,565499
405,Maruti,Alto 800,VXI,Manual,2016,25517,2,P,291999
406,Maruti,Celerio,ZXI OPT,Manual,2017,27145,1,P,496999
407,Hyundai,i10,SPORTZ 1.1 IRDE2,Manual,2014,23558,1,P,388199
408,Maruti,Alto 800,VXI,Manual,2016,30932,2,P,291999
409,Maruti,Alto K10,VXI AMT,Automatic,2015,93795,1,P,336099
410,Maruti,Alto 800,VXI,Manual,2016,15996,2,P,291999
411,Maruti,Celerio,VXI,Manual,2016,65269,1,P,459399
412,Maruti,Wagon R 1.0,LXI,Manual,2012,21909,1,P,323699
413,Hyundai,i10,SPORTZ 1.2 AT KAPPA2,Automatic,2013,39398,1,P,397299
414,Maruti,Celerio,VXI,Manual,2016,38815,2,P,484199
415,Maruti,Alto 800,VXI,Manual,2017,39202,2,P,315999
416,Maruti,Alto K10,VXI,Manual,2017,49800,1,P,380899
417,Maruti,Wagon R 1.0,VXI,Manual,2018,6781,1,P,494999
418,Maruti,Eeco,5 STR WITH AC PLUSHTR,Manual,2019,6081,1,P,450199
419,Hyundai,i10,SPORTZ 1.1 IRDE2,Manual,2015,47725,1,P,411399
420,Hyundai,i10,SPORTZ 1.2 KAPPA2 O,Manual,2012,30932,1,P,353899
421,Maruti,Eeco,5 STR WITH AC PLUSHTR,Manual,2019,11521,1,P,450199
422,Maruti,Celerio,ZXI OPT AMT,Automatic,2016,21156,2,P,495899
423,Hyundai,i10,SPORTZ 1.1 IRDE2,Manual,2015,38965,1,P,411399
424,Maruti,Alto K10,VXI,Manual,2012,48482,1,P,311899
425,Hyundai,i10,SPORTZ 1.1 IRDE2,Manual,2015,25052,1,P,411399
426,Maruti,Eeco,5 STR WITH AC PLUSHTR,Manual,2018,14600,1,P,439799
427,Maruti,Ritz,VDI,Manual,2012,51781,2,D,389699
428,Maruti,Wagon R 1.0,VXI,Manual,2016,38147,2,P,442099
429,Maruti,Celerio,VXI,Manual,2016,23492,1,P,443599
430,Maruti,Wagon R 1.0,VXI,Manual,2016,31051,1,P,442999
431,Maruti,Ritz,VXI BS IV,Manual,2010,72080,1,P,311899
432,Maruti,Alto 800,LXI,Manual,2017,10742,2,P,320999
433,Maruti,Eeco,5 STR WITH AC PLUSHTR,Manual,2018,32068,1,P,424799
434,Maruti,Eeco,5 STR WITH AC PLUSHTR,Manual,2018,37897,1,P,429499
435,Maruti,Ritz,VDI,Manual,2012,46939,2,D,389699
436,Maruti,Eeco,5 STR WITH AC PLUSHTR,Manual,2018,17981,1,P,429499
437,Maruti,Alto K10,VXI,Manual,2019,15017,2,P,393899
438,Maruti,Wagon R 1.0,VXI,Manual,2015,15893,2,P,439899
439,Maruti,Alto K10,VXI,Manual,2014,49074,1,P,351099
440,Ford,Figo,1.2 EXI DURATEC,Manual,2010,41502,1,P,278099
441,Maruti,Swift,VXI,Manual,2012,34735,1,P,434599
442,Maruti,Alto K10,VXI,Manual,2014,39959,1,P,354199
443,Maruti,Alto K10,VXI AMT,Automatic,2015,2650,1,P,415499
444,Maruti,Alto K10,VXI,Manual,2015,22584,2,P,367499
445,Maruti,OMNI E,8 STR,Manual,2018,13277,1,P,363499
446,Maruti,Alto K10,VXI,Manual,2016,15297,1,P,375299
447,Hyundai,Verna,FLUIDIC 1.6 SX VTVT OPT,Manual,2016,15931,2,P,759399
448,Tata,Tiago,XM 1.2 REVOTRON,Manual,2017,42959,1,P,467099
449,Ford,FREESTYLE,TITANIUM + 1.2 TI-VCT,Manual,2018,35175,1,P,614099
450,Maruti,Baleno,ZETA 1.2 K12,Manual,2016,31208,1,P,640799
451,Maruti,Dzire,ZXI Plus,Manual,2017,21120,1,P,789699
452,Maruti,Swift,VXI,Manual,2016,21290,1,P,508699
453,Maruti,Wagon R 1.0,VXI OPT AMT,Automatic,2017,39723,1,P,471599
454,Maruti,Dzire,VXI,Manual,2018,26542,2,P,682999
455,Maruti,Ritz,VXI BS IV,Manual,2014,40610,1,P,409699
456,Maruti,Baleno,ZETA 1.2 K12 AMT,Automatic,2017,68693,1,P,674999
457,Ford,Ecosport,1.5 TITANIUM TI VCT,Manual,2016,14125,2,P,687799
458,Mahindra,XUV500,W11 AT,Automatic,2018,36655,1,D,1879199
459,Tata,Tiago,XZ 1.2 REVOTRON,Manual,2017,26237,3,P,535899
460,Maruti,Celerio,VXI,Manual,2017,15388,1,P,502599
461,Honda,City,V MT PETROL,Manual,2017,15439,1,P,884899
462,Maruti,Alto 800,VXI,Manual,2016,13482,1,P,291999
463,Hyundai,Creta,1.6 SX CRDI,Manual,2015,59093,1,D,1027999
464,Ford,Ecosport,1.5 TITANIUM TI VCT AT,Automatic,2015,66698,1,P,690699
465,Maruti,Wagon R 1.0,VXI,Manual,2018,6418,1,P,529899
466,Maruti,Alto 800,LXI,Manual,2017,5150,1,P,298299
467,Maruti,Eeco,5 STR WITH AC PLUSHTR,Manual,2019,21934,2,P,450199
468,Honda,Jazz,1.2 S MT,Manual,2016,75771,2,P,581899
469,Mahindra,XUV500,W9,Manual,2020,10813,1,D,1736899
470,Maruti,Baleno,ZETA 1.2 K12,Manual,2021,3201,1,P,871699
471,Renault,Kwid,1.0 RXT,Manual,2017,30354,2,P,366399
472,MG,HECTOR,SMART DCT PETROL,Automatic,2020,6760,1,P,1705799
473,Hyundai,VENUE,1.0 Turbo GDI DCT AT SX+ DT,Automatic,2019,15490,1,P,1267599
474,Hyundai,VENUE,S MT 1.2,KAPPA,2020,23096,1,P,864899
475,Ford,Ecosport,1.5 TITANIUM TI VCT,Manual,2019,37947,2,P,875799
476,Renault,Kwid,1.0 RXT,Manual,2018,45410,1,P,384899
477,Hyundai,Grand i10,SPORTS 1.2 VTVT,Manual,2014,25485,1,P,448099
478,Ford,Ecosport,1.0 ECOBOOST TITANIUM OPT,Manual,2017,26280,1,P,858599
479,Hyundai,NEW SANTRO,ASTA 1.1 MT,Manual,2018,8066,1,P,576799
480,Hyundai,Grand i10,Magna 1.2 AT  VTVT,Automatic,2017,23851,1,P,555599
481,Hyundai,Eon,MAGNA PLUS AIRBAG,Manual,2018,22004,2,P,415199
482,Maruti,Swift Dzire,VXI 1.2 BS IV,Manual,2014,42551,1,P,451399
483,Hyundai,i10,SPORTZ 1.2 AT KAPPA2,Automatic,2013,43339,2,P,397299
484,Maruti,OMNI E,8,STR,2018,13465,1,P,363499
